{"cameraMode":{"drawMode":0,"name":"Shaded","section":"Shading Mode"},"sceneLighting":false,"audioPlay":false,"sceneViewState":{"m_AlwaysRefresh":false,"showFog":true,"showSkybox":false,"showFlares":true,"showImageEffects":true,"showParticleSystems":true,"showVisualEffectGraphs":true,"m_FxEnabled":true},"in2DMode":false,"pivot":{"x":-5.8869757652282719,"y":-0.7372846603393555,"z":6.585006237030029},"rotation":{"x":0.17369253933429719,"y":-0.33735135197639468,"z":0.06348112225532532,"w":0.9230369329452515},"size":6.920116901397705,"orthographic":false}